<?xml version="1.0" encoding="UTF-8"?>
<ti:app xmlns:ti="http://ti.appcelerator.org">
	<id>mx.codigomovil.heroiconsapp</id>
	<name>heroicons-app</name>
	<version>1.0</version>
	<publisher>not specified</publisher>
	<url>www.codigomovil.mx</url>
	<description/>
	<copyright>not specified</copyright>
	<icon>appicon.png</icon>
	<fullscreen>false</fullscreen>
	<navbar-hidden>false</navbar-hidden>
	<guid>ff4f74c0-6f63-4fcd-bb38-44ce66edb6f4</guid>
	<property name="ti.ui.defaultunit" type="string">dp</property>
	<property name="run-on-main-thread" type="bool">true</property>
	<ios>
		<enable-launch-screen-storyboard>true</enable-launch-screen-storyboard>
		<use-app-thinning>true</use-app-thinning>
		<plist>
			<dict>
				<key>UISupportedInterfaceOrientations~iphone</key>
				<array>
					<string>UIInterfaceOrientationPortrait</string>
				</array>
				<key>UISupportedInterfaceOrientations~ipad</key>
				<array>
					<string>UIInterfaceOrientationPortrait</string>
					<string>UIInterfaceOrientationPortraitUpsideDown</string>
					<string>UIInterfaceOrientationLandscapeLeft</string>
					<string>UIInterfaceOrientationLandscapeRight</string>
				</array>
				<key>UIRequiresPersistentWiFi</key>
				<false/>
				<key>UIPrerenderedIcon</key>
				<false/>
				<key>UIStatusBarHidden</key>
				<false/>
				<key>UIStatusBarStyle</key>
				<string>UIStatusBarStyleDefault</string>
			</dict>
		</plist>
	</ios>
	<android xmlns:android="http://schemas.android.com/apk/res/android">
		<manifest xmlns:android="http://schemas.android.com/apk/res/android" android:versionCode="1">
		</manifest>
	</android>
	<modules>
	</modules>
	<deployment-targets>
		<target device="android">true</target>
		<target device="ipad">true</target>
		<target device="iphone">true</target>
	</deployment-targets>
	<sdk-version>12.2.0.GA</sdk-version>
<plugins><plugin version="1.0">ti.alloy</plugin>
</plugins>
</ti:app>